run_ts,phase,factor,n_splits_requested,n_folds_used,purge,embargo,horizon_days,universe,n_obs,n_entities,mean_ic,se_ic,t_stat,leak_flag_ic_gt_0.15,status,notes
2026-09-20T01:05:19.321997,phase2_factor_ic,momentum_12_1,10,10,63D,5D,63,"all INE/IN9 EQ entities, no liquidity filter, pre-holdout only",2688566,2116,0.07138783925227446,0.02681740222484087,2.6619968128810085,False,completed,"individual factor IC, no composite, per user gate"
2026-09-20T01:05:19.321997,phase2_factor_ic,momentum_6_1,10,10,63D,5D,63,"all INE/IN9 EQ entities, no liquidity filter, pre-holdout only",2963104,2231,0.07560353453202293,0.026009447127699852,2.9067720725022936,False,completed,"individual factor IC, no composite, per user gate"
2026-09-20T01:05:19.321997,phase2_factor_ic,trailing_vol_252,10,10,63D,5D,63,"all INE/IN9 EQ entities, no liquidity filter, pre-holdout only",2733256,2138,-0.07292729347228043,0.046637950349808395,-1.5636899333115748,False,completed,"individual factor IC, no composite, per user gate"
2026-09-20T01:05:19.321997,phase2_factor_ic,beta_252,10,10,63D,5D,63,"all INE/IN9 EQ entities, no liquidity filter, pre-holdout only",2578697,2111,-0.037972279517521586,0.01986024535802583,-1.9119743403460223,False,completed,"individual factor IC, no composite, per user gate"
2026-09-20T01:52:45.767786,phase2_factor_ic,momentum_12_1,10,10,63D,5D,63,"all INE/IN9 EQ entities, no liquidity filter, pre-holdout only",2083579,2010,0.08730942959568343,0.026792578658827653,3.25871692708147,False,completed,"individual factor IC, no composite, per user gate"
2026-09-20T01:52:45.767786,phase2_factor_ic,momentum_6_1,10,10,63D,5D,63,"all INE/IN9 EQ entities, no liquidity filter, pre-holdout only",2445843,2192,0.08019291364813548,0.022686543414935798,3.5348229204163415,False,completed,"individual factor IC, no composite, per user gate"
2026-09-20T01:52:45.767786,phase2_factor_ic,trailing_vol_252,10,10,63D,5D,63,"all INE/IN9 EQ entities, no liquidity filter, pre-holdout only",2138755,2050,-0.07813139525609243,0.04188318506911897,-1.8654597334742755,False,completed,"individual factor IC, no composite, per user gate"
2026-09-20T01:52:45.767786,phase2_factor_ic,beta_252,10,10,63D,5D,63,"all INE/IN9 EQ entities, no liquidity filter, pre-holdout only",2006991,1996,-0.03860665388946142,0.026232226431865645,-1.4717261605581413,False,completed,"individual factor IC, no composite, per user gate"
2026-09-20T02:16:16.052386,phase2_backtest,momentum_12_1_top_decile_long_only,,,,,63,"all INE/IN9 EQ entities, no liquidity filter, pre-holdout only, gap-aware",31,,,,,False,completed,"CAGR 30.43% vs bench 18.11%, Sharpe 1.06 vs 0.76, MaxDD -35.95% vs -49.82%, tercile costs 23/32.5/118bps, mean turnover 49.7%/rebal, 2020: +45.92% vs +65.71%"
2026-09-20T16:37:49.538012,diagnostic_not_study,sector_concentration_vs_relative_return,,,,,63,Study 1 microcap (n=30 rebalances),30,,-0.236,,,False,completed,"Spearman rho of top_sector_pct at selection vs subsequent relative return (mom_net-bench_net); p=0.210, 95%CI[-0.549,+0.136]. HHI rho=-0.179 p=0.344. Partial (control n_holdings) rho=-0.314 p=0.097. NULL RESULT. No study slot spent."
2026-09-20T16:37:49.538302,diagnostic_not_study,sector_concentration_vs_relative_return,,,,,63,Study 2 largecap (n=27 rebalances),27,,0.063,,,False,completed,"Spearman rho of top_sector_pct at selection vs subsequent relative return; p=0.754, 95%CI[-0.325,+0.433]. HHI rho=0.013 p=0.951. Partial (control n_holdings) rho=0.035 p=0.865. OPPOSITE SIGN vs Study 1. NULL RESULT, both directions non-significant. Power: |rho|>=0.36-0.38 needed for p<0.05 at these n -- rules out strong effect only. Consequence: sector cap NOT pre-registered as Study 3. No study slot spent."
2026-09-20T16:59:28.468891,fundamentals_phaseA_backfill,quarterly_financial_results,,,,,,"NSE equities, all ISINs with quarterly financial results filings 2016-01 to 2026-09",108996,2486,,,,False,completed_with_known_gap,"Full quarterly P&L backfill via legacy corporates-financial-results endpoint. Good coverage 2016-01 to 2025-03 (~105k rows). Severe coverage gap 2025-04 onward (single-digit monthly counts vs normal 500-3000) due to SEBI-mandated Integrated Filing transition (Apr 2025) moving data to a different NSE announcement category not yet built. Lag distribution: median 44d, p90 108d, p99 466d, max 3060d, 8.06% exceed 180d. 0% required 45-day fallback (broadCastDate always present). Consolidated 39439/Non-consolidated 69557 rows; 57.6% of company-periods file both. Restatements: 5.89% of (isin,period_end,consolidated) keys have >1 filing (max 4). Point-in-time selection logic built and tested against real VSTTILLERS restatement (orig 2025-02-11, restated 2026-07-30). Fiscal year: 3.90% of companies use non-March fiscal year end."
2026-09-20T21:39:52.695251,fundamentals_phaseB_balance_sheet,annual_xbrl_balance_sheet_extraction,,,,,,"NSE equities, Annual period XBRL filings 2016-2025, consolidated-preferred dedup",12144,2061,,,,False,completed,"12308 documents attempted, 12144 extracted (98.7%), 164 failed (1.3%, genuine NSE-side 404s, 70% clustered in FY2019 _WEB_2-suffixed revision links, 20% BANKING_ taxonomy). Real balance-sheet coverage (Assets tag) near-zero before FY2023 (0-2.6%), jumps to 98.6-100% FY2023-24 -- a third distinct XBRL taxonomy boundary separate from the 2018 no-XBRL-at-all and 2025 Integrated Filing transitions. 426/2487 companies (17.1%) have zero balance sheet ever. Consolidated share for balance-sheet filings 73.3% vs 36.2% for P&L -- confirmed different, pick-logic must be independent. Staleness sawtooths 11-313 days across the annual cycle, mean ~173 days; single-number staleness is misleading, as_of_staleness must be per-observation."
2026-09-20T22:54:59.266340,fundamentals_phaseC_shares_outstanding,shares_outstanding_coverage_sample,,,,,,"stratified real sample, 40/year 2018-2026 + 9-doc initial spot check 2016-2024, real-XBRL quarterly filings",340,,,,,False,completed,"PaidUpValueOfEquityShareCapital/FaceValueOfEquityShareCapital coverage sampled at 97.5-100% across every announce-year 2018-2026 (among real-XBRL filings). Tracks Phase A general-XBRL boundary (0% 2016-17, 54.5% 2018, 84.7% 2019, 98%+ 2020+), NOT Phase Bs FY2023 cliff. P/E, P/S, earnings yield, size computable ~2018-2019 onward. 2016-2017 gap unsolved: shareholding-pattern endpoint gives percentages not absolute counts; corporate-actions backward-inference feasible but only for no-issuance/no-buyback companies, not attempted. Explicitly did not substitute a later share count backward."
2026-09-23T01:36:14.665457,pre_registration_withdrawn,momentum_12_1_plus_earnings_yield_combination,,,,,63,"2018-2024 pre-holdout, entities with both momentum_12_1 and earnings_yield computable",21533,,,,,False,withdrawn_before_approval,"Power analysis on two metrics before any threshold frozen, variance only (scripts never call .mean()). Portfolio top-decile margin vs momentum-alone: std=4.657pts/qtr, needs ~87yr for true +2pt annualized effect at t>=2.0. Paired rank-IC difference (combo vs momentum-alone, same date): std=0.0848, needs ~8yr for true 0.03 diff, ~18-72yr for realistic 0.01-0.02 range. Neither metric reaches usable power at n=8 or any practical multiple. Conclusion: combination cannot be validated on this data at any reachable horizon -- not evidence the effect is absent, evidence the measurement is too noisy relative to plausible effect size. Final study slot NOT spent, held. earnings_yield own diagnostic findings (near-zero momentum correlation, IC holds outside momentum top decile, raw t=2.86 fails multiple-comparisons correction) unaffected. See FINDINGS.md Section 12, PREREGISTRATION_COMBINATION.md (withdrawn)."
